,screenName,description,location,following,followers,totaltweets,retweetcount,text,topic
0,CNN,"It’s our job to #GoThere & tell the most difficult stories. For breaking news, follow @CNNBRK and download our app https://t.co/ceNBoNi8y6",,1097,60541103,389979,57,"In an exclusive CNN interview, former University of Kentucky star Isaac Humphries becomes the world's only openly gay top-flight basketball player https://t.co/59Fu0QvGf1",sports
1,CNN,"It’s our job to #GoThere & tell the most difficult stories. For breaking news, follow @CNNBRK and download our app https://t.co/ceNBoNi8y6",,1097,60541103,389979,40,"A NASA scientist and her friend, who summited Mount Everest at the age of 13, have joined forces to help Indian girls go to school. https://t.co/Y3C4rqdaf7 https://t.co/jY7Kt9qta4",sports
2,CNN,"It’s our job to #GoThere & tell the most difficult stories. For breaking news, follow @CNNBRK and download our app https://t.co/ceNBoNi8y6",,1097,60541103,389979,38,Tom Brady and the Tampa Bay Buccaneers beat the Seattle Seahawks 21-16 at the Allianz Arena in Germany during what was the NFL's first regular season game in the country https://t.co/oola4kDvPC https://t.co/Yp7l8Q3hOB,sports
3,CNN,"It’s our job to #GoThere & tell the most difficult stories. For breaking news, follow @CNNBRK and download our app https://t.co/ceNBoNi8y6",,1097,60541103,389979,50,"American MMA fighter Anthony ""Rumble"" Johnson has died at the age of 38 from an undisclosed illness, according to Bellator MMA. https://t.co/W1fWGspB2r",sports
4,CNN,"It’s our job to #GoThere & tell the most difficult stories. For breaking news, follow @CNNBRK and download our app https://t.co/ceNBoNi8y6",,1097,60541103,389979,12,"""It felt electric from the time we took the field.""

Tom Brady and the Tampa Bay Buccaneers beat the Seattle Seahawks at the Allianz Arena in Germany during the NFL’s first regular season game in the country. CNN’s Fred Pleitgen has the report.

Watch: https://t.co/vELUsqM2jm",sports
5,CNN,"It’s our job to #GoThere & tell the most difficult stories. For breaking news, follow @CNNBRK and download our app https://t.co/ceNBoNi8y6",,1097,60541103,389979,59,"At least 16 junior varsity hockey players from Illinois were injured in Warsaw, Indiana after an allegedly intoxicated semi-truck driver swerved into the team’s bus, knocking it onto its side. https://t.co/zr1j3qKLQG",sports
6,CNN,"It’s our job to #GoThere & tell the most difficult stories. For breaking news, follow @CNNBRK and download our app https://t.co/ceNBoNi8y6",,1097,60541103,389979,41,Tom Brady has become the first quarterback to win an NFL game in three different countries outside of the US. https://t.co/abSLkVqlqG,sports
7,CNN,"It’s our job to #GoThere & tell the most difficult stories. For breaking news, follow @CNNBRK and download our app https://t.co/ceNBoNi8y6",,1097,60541103,389979,46,"A NASA scientist and her friend, who summited Mount Everest at the age of 13, have joined forces to help Indian girls go to school. https://t.co/ZTj9daEE1f https://t.co/g7wNviyF2j",sports
8,CNN,"It’s our job to #GoThere & tell the most difficult stories. For breaking news, follow @CNNBRK and download our app https://t.co/ceNBoNi8y6",,1097,60541103,389979,111,"At least 16 junior varsity hockey players from Illinois were injured in Warsaw, Indiana after an allegedly intoxicated semi-truck driver swerved into the team’s bus, knocking it onto its side. https://t.co/9ze2YauQIm",sports
9,CNN,"It’s our job to #GoThere & tell the most difficult stories. For breaking news, follow @CNNBRK and download our app https://t.co/ceNBoNi8y6",,1097,60541103,389979,76,Tom Brady has become the first quarterback to win an NFL game in three different countries outside of the US. https://t.co/urTpiUzliD,sports
10,CNN,"It’s our job to #GoThere & tell the most difficult stories. For breaking news, follow @CNNBRK and download our app https://t.co/ceNBoNi8y6",,1097,60541103,389979,30,UFC president Dana White is getting into the slap game https://t.co/87pSvEr7ds,sports
11,CNN,"It’s our job to #GoThere & tell the most difficult stories. For breaking news, follow @CNNBRK and download our app https://t.co/ceNBoNi8y6",,1097,60541103,389979,30,The Tampa Bay Buccaneers play the Seattle Seahawks in Munich at the first-ever regular season NFL game played in Germany. https://t.co/e191W0Fs7m https://t.co/y1YrfjrKwx,sports
12,CNN,"It’s our job to #GoThere & tell the most difficult stories. For breaking news, follow @CNNBRK and download our app https://t.co/ceNBoNi8y6",,1097,60541103,389979,18,"Alex Pereira became the undisputed middleweight UFC champion, defeating Israel Adesanya on a technical knock-out. https://t.co/9QIjMAEuOu",sports
13,CNN,"It’s our job to #GoThere & tell the most difficult stories. For breaking news, follow @CNNBRK and download our app https://t.co/ceNBoNi8y6",,1097,60541103,389979,31,Brooklyn Nets owner Joe Tsai says he believes Nets star Kyrie Irving “does not have any beliefs of hate towards Jewish people” https://t.co/CLjP8HXGBu,sports
14,CNN,"It’s our job to #GoThere & tell the most difficult stories. For breaking news, follow @CNNBRK and download our app https://t.co/ceNBoNi8y6",,1097,60541103,389979,23,UFC president Dana White is getting into the slap game https://t.co/VpTWyyRpko,sports
15,CNN,"It’s our job to #GoThere & tell the most difficult stories. For breaking news, follow @CNNBRK and download our app https://t.co/ceNBoNi8y6",,1097,60541108,389979,89,Fanta Bility was shot after she was leaving a high school football game with her family. https://t.co/Fdy1I4HwSR,sports
16,CNN,"It’s our job to #GoThere & tell the most difficult stories. For breaking news, follow @CNNBRK and download our app https://t.co/ceNBoNi8y6",,1097,60541108,389979,25,UFC president Dana White is getting into the slap game https://t.co/6y6lH1UBub,sports
17,CNN,"It’s our job to #GoThere & tell the most difficult stories. For breaking news, follow @CNNBRK and download our app https://t.co/ceNBoNi8y6",,1097,60541108,389979,25,"James Brown’s third wife Adrienne died while recovering from plastic surgery in California. A circus singer suspects foul play.

Catch up on CNN's true crime podcast “The James Brown Mystery” with the first four episodes. https://t.co/1zbFddsylr https://t.co/msZWr7SoWB",sports
18,CNN,"It’s our job to #GoThere & tell the most difficult stories. For breaking news, follow @CNNBRK and download our app https://t.co/ceNBoNi8y6",,1097,60541108,389979,30,States are counting votes with key races still in play. Here’s what you need to know: https://t.co/PKXfWYjyMe,sports
19,CNN,"It’s our job to #GoThere & tell the most difficult stories. For breaking news, follow @CNNBRK and download our app https://t.co/ceNBoNi8y6",,1097,60541108,389979,116,"NBA commissioner Adam Silver believes that suspended Brooklyn Nets guard Kyrie Irving is not antisemitic following a meeting between the two earlier in the week, the commissioner told the New York Times https://t.co/fj0eSo3rQ7",sports
20,CNN,"It’s our job to #GoThere & tell the most difficult stories. For breaking news, follow @CNNBRK and download our app https://t.co/ceNBoNi8y6",,1097,60541108,389979,41,The blame game taking shape in GOP circles comes after bullish predictions of a red wave that failed to materialize https://t.co/0Et6nEbOu3,sports
21,CNN,"It’s our job to #GoThere & tell the most difficult stories. For breaking news, follow @CNNBRK and download our app https://t.co/ceNBoNi8y6",,1097,60541108,389979,64,"Iranian officials said they have identified the ""Iran International agent"" arrested Thursday as Elham Afkari, the sister of famous Iranian wrestler Navid Afkari, who was executed two years ago, according to state news agency IRNA https://t.co/VmpL6Y0P0m",sports
22,CNN,"It’s our job to #GoThere & tell the most difficult stories. For breaking news, follow @CNNBRK and download our app https://t.co/ceNBoNi8y6",,1097,60541108,389979,21,"Having previously swum in the world’s coldest waters wearing just his swimming trunks, for his latest challenge Lewis Pugh went to the opposite extreme https://t.co/IxcbaTuBTD",sports
23,CNN,"It’s our job to #GoThere & tell the most difficult stories. For breaking news, follow @CNNBRK and download our app https://t.co/ceNBoNi8y6",,1097,60541108,389979,30,"Suspended Brooklyn Nets star Kyrie Irving reportedly met with NBA commissioner Adam Silver on Tuesday, according to multiple reports https://t.co/gx3qKFMcFz",sports
24,CNN,"It’s our job to #GoThere & tell the most difficult stories. For breaking news, follow @CNNBRK and download our app https://t.co/ceNBoNi8y6",,1097,60541108,389979,32,"Steffan Nero is not your average athlete. 

Born with two visual impairments, he struggled at school, failing to find a place where he felt he fitted in. After discovering visually impaired sports, the Australian started playing blind cricket and found new horizons. https://t.co/CJxolMAzz1",sports
25,CNN,"It’s our job to #GoThere & tell the most difficult stories. For breaking news, follow @CNNBRK and download our app https://t.co/ceNBoNi8y6",,1097,60541108,389979,18,Boston Bruins president Cam Neely apologized and said the team “failed” by signing prospect Mitchell Miller. https://t.co/mD2Y9uDQy6,sports
26,CNN,"It’s our job to #GoThere & tell the most difficult stories. For breaking news, follow @CNNBRK and download our app https://t.co/ceNBoNi8y6",,1097,60541102,389979,90,"On Monday, Elon Musk got into a dispute with a software engineer on Twitter that ended with the billionaire tweeting “he’s fired,” and the engineer confirming they’d lost access to Twitter’s internal systems https://t.co/mZwCcvG43l https://t.co/j2vHwOYu4S",Technology
27,CNN,"It’s our job to #GoThere & tell the most difficult stories. For breaking news, follow @CNNBRK and download our app https://t.co/ceNBoNi8y6",,1097,60541102,389979,156,NASA’s Artemis I mission has taken off from Kennedy Space Center. The uncrewed mission will test technology NASA hopes to use to return astronauts to the moon. https://t.co/PACyZSVSld https://t.co/Vmrw59yPC6,Technology
28,CNN,"It’s our job to #GoThere & tell the most difficult stories. For breaking news, follow @CNNBRK and download our app https://t.co/ceNBoNi8y6",,1097,60541102,389979,90,"Amazon is planning to lay off some 10,000 employees in corporate and technology jobs, the New York Times reported on Monday, citing anonymous sources with knowledge of the matter https://t.co/cR3fJw88Fp https://t.co/aDu6kB1uzN",Technology
29,CNN,"It’s our job to #GoThere & tell the most difficult stories. For breaking news, follow @CNNBRK and download our app https://t.co/ceNBoNi8y6",,1097,60541102,389979,133,"Amazon is planning to lay off some 10,000 employees in corporate and technology jobs, the New York Times reports, citing anonymous sources with knowledge of the matter https://t.co/PIsLo92ct1 https://t.co/nOO35y6Xx1",Technology
30,CNN,"It’s our job to #GoThere & tell the most difficult stories. For breaking news, follow @CNNBRK and download our app https://t.co/ceNBoNi8y6",,1097,60541102,389979,116,"Amazon is planning to lay off some 10,000 employees in corporate and technology jobs, the New York Times reports, citing anonymous sources with knowledge of the matter https://t.co/cTuOp3qE8T",Technology
31,CNN,"It’s our job to #GoThere & tell the most difficult stories. For breaking news, follow @CNNBRK and download our app https://t.co/ceNBoNi8y6",,1097,60541102,389979,4,"A federal judge has blocked Title 42, a public health rule that allowed the US to expel migrants at the Mexico border. Here's what that means, and what could happen next. https://t.co/tgKI4DsGle",Politics
32,CNN,"It’s our job to #GoThere & tell the most difficult stories. For breaking news, follow @CNNBRK and download our app https://t.co/ceNBoNi8y6",,1097,60541102,389979,56,"JUST IN: Republicans will control the House, CNN projects. It's not the red wave Republicans had envisioned, but it will allow the party to launch investigations into the Biden administration and block his agenda. https://t.co/fcwG2qvjJ7 https://t.co/RB5FG18UuG",Politics
33,CNN,"It’s our job to #GoThere & tell the most difficult stories. For breaking news, follow @CNNBRK and download our app https://t.co/ceNBoNi8y6",,1097,60541102,389979,39,No one in American politics brings Democrats — and fed-up conservatives — together quite like Donald Trump. https://t.co/8hD88nBMM7,Politics
34,CNN,"It’s our job to #GoThere & tell the most difficult stories. For breaking news, follow @CNNBRK and download our app https://t.co/ceNBoNi8y6",,1097,60541102,389979,24,The Atlanta-area prosecutor investigating Donald Trump and his allies has hit a roadblock in her effort to gain testimony from some of the Georgia Republicans who signed on as fake electors. https://t.co/xzmkS3GuYs,Politics
35,CNN,"It’s our job to #GoThere & tell the most difficult stories. For breaking news, follow @CNNBRK and download our app https://t.co/ceNBoNi8y6",,1097,60541102,389979,39,"JUST IN: Mitch McConnell will remain Senate GOP leader, fending off a challenge by Rick Scott amid divisions within the party and disappointing midterms. https://t.co/fqMR76q0DL",Politics
36,CNN,"It’s our job to #GoThere & tell the most difficult stories. For breaking news, follow @CNNBRK and download our app https://t.co/ceNBoNi8y6",,1097,60541102,389979,44,"If Donald Trump wins the 2024 presidential election, he will become only the second person to serve two nonconsecutive terms as commander-in-chief https://t.co/kyZUFeNAZ6 https://t.co/Jzdeva2zMw",Politics
37,CNN,"It’s our job to #GoThere & tell the most difficult stories. For breaking news, follow @CNNBRK and download our app https://t.co/ceNBoNi8y6",,1097,60541102,389979,32,"CIA Director Bill Burns traveled to Kyiv to meet with Ukrainian President Volodymyr Zelensky and his intelligence counterparts on Tuesday, according to a US official https://t.co/N0mMM8eqwf",Politics
38,CNN,"It’s our job to #GoThere & tell the most difficult stories. For breaking news, follow @CNNBRK and download our app https://t.co/ceNBoNi8y6",,1097,60541102,389979,173,Ivanka Trump has announced that she doesn’t plan to be involved in former President Donald Trump’s campaign https://t.co/xYB6f0XzcE,Politics
39,CNN,"It’s our job to #GoThere & tell the most difficult stories. For breaking news, follow @CNNBRK and download our app https://t.co/ceNBoNi8y6",,1097,60541102,389979,34,How to watch CNN’s town hall with former Vice President Mike Pence https://t.co/dDZzldiFYm,Politics
40,CNN,"It’s our job to #GoThere & tell the most difficult stories. For breaking news, follow @CNNBRK and download our app https://t.co/ceNBoNi8y6",,1097,60541102,389979,28,New York Times reporter @maggieNYT discusses former President Donald Trump's 2024 announcement speech. Watch: https://t.co/ImjfAs11Ym,Politics
41,CNN,"It’s our job to #GoThere & tell the most difficult stories. For breaking news, follow @CNNBRK and download our app https://t.co/ceNBoNi8y6",,1097,60541102,389979,42,CNN's @ddale8 fact-checks the statements made by former President Donald Trump during his 2024 presidential bid announcement. Watch here: https://t.co/qK43sPqAYj,Politics
42,CNN,"It’s our job to #GoThere & tell the most difficult stories. For breaking news, follow @CNNBRK and download our app https://t.co/ceNBoNi8y6",,1097,60541102,389979,23,This is how Donald Trump’s war chest might benefit his presidential campaign https://t.co/eRSHESEt7K,Politics
43,CNN,"It’s our job to #GoThere & tell the most difficult stories. For breaking news, follow @CNNBRK and download our app https://t.co/ceNBoNi8y6",,1097,60541102,389979,169,Watch as CNN’s @ddale8 fact-checks former President Donald Trump’s 2024 presidential bid announcement. https://t.co/kQ238Ar6dX,Politics
44,CNN,"It’s our job to #GoThere & tell the most difficult stories. For breaking news, follow @CNNBRK and download our app https://t.co/ceNBoNi8y6",,1097,60541102,389979,780,"JUST IN: Former President Donald Trump announces another run for the White House and enters the 2024 race, aiming to become only the second US president ever elected to two nonconsecutive terms. https://t.co/RTLP0FmAcL https://t.co/2C83Fuhyfh",Politics
45,CNN,"It’s our job to #GoThere & tell the most difficult stories. For breaking news, follow @CNNBRK and download our app https://t.co/ceNBoNi8y6",,1097,60541102,389979,164,"A Georgia Superior Court judge has overturned the state’s law banning abortions as early as six weeks of pregnancy, ruling it unconstitutional and saying it cannot be enforced https://t.co/Ivkl0zO2Z6",Politics
46,CNN,"It’s our job to #GoThere & tell the most difficult stories. For breaking news, follow @CNNBRK and download our app https://t.co/ceNBoNi8y6",,1097,60541104,389979,67,Michael Flynn ordered to testify in Atlanta grand jury probe into Trump’s election subversion https://t.co/PNacL15esZ,Politics
47,CNN,"It’s our job to #GoThere & tell the most difficult stories. For breaking news, follow @CNNBRK and download our app https://t.co/ceNBoNi8y6",,1097,60541104,389979,63,"JUST IN: Judge blocks Title 42, the controversial Trump-era pandemic rule allowing US authorities to expel over 1 million migrants who crossed the US-Mexico border https://t.co/pvQPoGqY4d",Politics
48,CNN,"It’s our job to #GoThere & tell the most difficult stories. For breaking news, follow @CNNBRK and download our app https://t.co/ceNBoNi8y6",,1097,60541104,389979,50,"A New York judge threw out Mary Trump’s lawsuit against former President Donald Trump, saying her claims are barred by an earlier settlement she reached more than 20 years ago https://t.co/NsfW0IOaFX",Politics
49,CNN,"It’s our job to #GoThere & tell the most difficult stories. For breaking news, follow @CNNBRK and download our app https://t.co/ceNBoNi8y6",,1097,60541104,389979,37,Florida Sen. Rick Scott has told fellow GOP senators he will challenge Senate Minority Leader Mitch McConnell to be leader of the party in the chamber next year. https://t.co/SDor1vChAU https://t.co/Uqv3C43Mgp,Politics
50,CNN,"It’s our job to #GoThere & tell the most difficult stories. For breaking news, follow @CNNBRK and download our app https://t.co/ceNBoNi8y6",,1097,60541104,389979,37,"The man accused of attacking House Speaker Nancy Pelosi’s husband, Paul Pelosi, pleaded not guilty in a San Francisco federal court https://t.co/728mW1iXLS",Politics
51,CNN,"It’s our job to #GoThere & tell the most difficult stories. For breaking news, follow @CNNBRK and download our app https://t.co/ceNBoNi8y6",,1097,60541104,389979,69,"Rick Scott told fellow GOP senators he will challenge Senate Minority Leader Mitch McConnell to be leader of the party in the chamber next year
https://t.co/RyxXG22YsT",Politics
52,CNN,"It’s our job to #GoThere & tell the most difficult stories. For breaking news, follow @CNNBRK and download our app https://t.co/ceNBoNi8y6",,1097,60541104,389979,67,"JUST IN: House GOP leader Kevin McCarthy has won his party's nomination for speaker, beating conservative challenger Rep. Andy Biggs in a 188-31 vote https://t.co/ccSArQHNUD",Politics
53,CNN,"It’s our job to #GoThere & tell the most difficult stories. For breaking news, follow @CNNBRK and download our app https://t.co/ceNBoNi8y6",,1097,60541104,389979,27,Who inspires you? Show the 2022 CNN Heroes your ❤️ with your votes. You can vote up to 10 times a day every day at https://t.co/5KReMqWuSO https://t.co/LTjo0rsDbh,Politics
54,CNN,"It’s our job to #GoThere & tell the most difficult stories. For breaking news, follow @CNNBRK and download our app https://t.co/ceNBoNi8y6",,1097,60541104,389979,64,A top Israeli official has confirmed the existence of a US investigation into the killing of Palestinian-American journalist Shireen Abu Akleh but said Israel’s government would not cooperate with the American probe https://t.co/WDQWiJwnPr,Politics
55,CNN,"It’s our job to #GoThere & tell the most difficult stories. For breaking news, follow @CNNBRK and download our app https://t.co/ceNBoNi8y6",,1097,60541104,389979,72,"US Naval Forces intercepted a “large quantity” of explosive material in the Gulf of Oman heading to Yemen from Iran last week, according to a statement from US Naval Forces Central Command https://t.co/FtPXSQ5a14",Politics
56,CNN,"It’s our job to #GoThere & tell the most difficult stories. For breaking news, follow @CNNBRK and download our app https://t.co/ceNBoNi8y6",,1097,60541104,389979,33,"CNN's @kaitlancollins speaks with Democratic Nevada Sen. Catherine Cortez Masto, whose recent reelection denied Republicans the chance to control the Senate. 

Watch here: https://t.co/wQwYeWAJDC",Politics
57,CNN,"It’s our job to #GoThere & tell the most difficult stories. For breaking news, follow @CNNBRK and download our app https://t.co/ceNBoNi8y6",,1097,60541104,389979,51,Airlines have paid more than $600 million in refunds to hundreds of thousands of passengers for canceled or changed flights https://t.co/UUXs8qdvrD https://t.co/F578XXIolF,Politics
58,CNN,"It’s our job to #GoThere & tell the most difficult stories. For breaking news, follow @CNNBRK and download our app https://t.co/ceNBoNi8y6",,1097,60541104,389979,109,"EXCLUSIVE: US intelligence suggests Russia may have delayed announcing its withdrawal from Kherson until after midterms, sources say https://t.co/0MtDzFawkq",Politics
59,CNN,"It’s our job to #GoThere & tell the most difficult stories. For breaking news, follow @CNNBRK and download our app https://t.co/ceNBoNi8y6",,1097,60541104,389979,34,"Airlines have paid more than $600 million in refunds to hundreds of thousands of passengers for canceled or changed flights since the start of the Covid-19 pandemic, the Department of Transportation announced. https://t.co/PkyoeUjewL",Politics
60,CNN,"It’s our job to #GoThere & tell the most difficult stories. For breaking news, follow @CNNBRK and download our app https://t.co/ceNBoNi8y6",,1097,60541104,389979,60,The world can breathe a little easier after US President Joe Biden’s talks with Chinese leader Xi Jinping. But the two 21st century superpowers are still on a collision course. | Analysis by @StCollinson https://t.co/paKcN0bYOX,Politics
61,CNN,"It’s our job to #GoThere & tell the most difficult stories. For breaking news, follow @CNNBRK and download our app https://t.co/ceNBoNi8y6",,1097,60541107,389979,232,"“It shook me profoundly""

In a new book, former first lady Michelle Obama addresses the deep hurt and disappointment she felt when Donald Trump won the 2016 presidential election. https://t.co/UHx9DnRvbp",Politics
62,CNN,"It’s our job to #GoThere & tell the most difficult stories. For breaking news, follow @CNNBRK and download our app https://t.co/ceNBoNi8y6",,1097,60541107,389979,90,"Former Trump White House aide to testify Wednesday before Atlanta-area grand jury in investigation into efforts to overturn 2020 election, source says. https://t.co/yMHSJ3kngn",Politics
63,CNN,"It’s our job to #GoThere & tell the most difficult stories. For breaking news, follow @CNNBRK and download our app https://t.co/ceNBoNi8y6",,1097,60541107,389979,41,"The US has been looking into modifications that can be made to the deadly drone, according to two officials. Changes that would make the potential of losing any less of a danger and possibly increase the likelihood of Ukraine receiving them. https://t.co/9kJ4zI0O8W",Politics
64,CNN,"It’s our job to #GoThere & tell the most difficult stories. For breaking news, follow @CNNBRK and download our app https://t.co/ceNBoNi8y6",,1097,60541107,389979,106,"The House select committee investigating the January 6, 2021, Capitol Hill insurrection said former President Donald Trump has “failed to comply” with its subpoena for documents and testimony. https://t.co/66wGDXPEDf",Politics
65,CNN,"It’s our job to #GoThere & tell the most difficult stories. For breaking news, follow @CNNBRK and download our app https://t.co/ceNBoNi8y6",,1097,60541107,389979,213,"Conservative attorney George Conway calls former President Donald Trump's claim that the remaining documents being reviewed by the Mar-a-Lago special master should be considered personal records and excluded from review ""ridiculous."" Watch: https://t.co/ETSt4trmNz",Politics
66,CNN,"It’s our job to #GoThere & tell the most difficult stories. For breaking news, follow @CNNBRK and download our app https://t.co/ceNBoNi8y6",,1097,60541107,389979,24,"A new Congress won’t be sworn in until January and control of the House has not yet been determined, but Republicans appear on track to recapture the chamber and the race to determine who will serve as the next speaker is underway https://t.co/LywEBrTgSE",Politics
67,CNN,"It’s our job to #GoThere & tell the most difficult stories. For breaking news, follow @CNNBRK and download our app https://t.co/ceNBoNi8y6",,1097,60541107,389979,41,CNN panelists on @TheLeadCNN discuss Lara Trump's veiled warning to DeSantis over a potential 2024 presidential run. Watch: https://t.co/0ZFIKLXc0V,Politics
68,CNN,"It’s our job to #GoThere & tell the most difficult stories. For breaking news, follow @CNNBRK and download our app https://t.co/ceNBoNi8y6",,1097,60541107,389979,49,"Trump has been privately encouraging allies to support House Minority Leader Kevin McCarthy’s bid for House speaker, sources say, believing he will be an asset down the road should the former president find himself in a contested 2024 primary https://t.co/qEQ74Ig7HB",Politics
69,CNN,"It’s our job to #GoThere & tell the most difficult stories. For breaking news, follow @CNNBRK and download our app https://t.co/ceNBoNi8y6",,1097,60541107,389979,74,Hear what US President Biden and Chinese leader Xi Jinping said to each other as they sat down face-to-face for the first time since Biden took office https://t.co/ZcuGutqPxx https://t.co/GZ3Rlvb9Vb,Politics
70,CNN,"It’s our job to #GoThere & tell the most difficult stories. For breaking news, follow @CNNBRK and download our app https://t.co/ceNBoNi8y6",,1097,60541107,389979,172,Trump has argued in a newly public court filing that a president gets to decide whether records from his White House are personal documents – and that he had decided that all the records he took to Mar-a-Lago were in fact his personal property https://t.co/ShPibjDZrk,Politics
71,CNN,"It’s our job to #GoThere & tell the most difficult stories. For breaking news, follow @CNNBRK and download our app https://t.co/ceNBoNi8y6",,1097,60541107,389979,39,Outgoing Republican Massachusetts Gov. Charlie Baker talks with CNN's @jaketapper about former President Donald Trump's potential impact on the results of the 2022 midterm election. Watch: https://t.co/rnQQZmBNyU,Politics
72,CNN,"It’s our job to #GoThere & tell the most difficult stories. For breaking news, follow @CNNBRK and download our app https://t.co/ceNBoNi8y6",,1097,60541107,389979,60,Federal prosecutors have closed the foreign lobbying investigation into Rudy Giuliani without any charges https://t.co/UDkAq3A1BP,Politics
73,CNN,"It’s our job to #GoThere & tell the most difficult stories. For breaking news, follow @CNNBRK and download our app https://t.co/ceNBoNi8y6",,1097,60541107,389979,68,"Senate Majority Leader Chuck Schumer (D-NY) discusses how the Democratic Party defied historic odds during the midterm election. Schumer says he feels the ""American people saw that democracy was at risk"" and that impacted votes. https://t.co/FP0GL9f8Sk https://t.co/leu60WuZrT",Politics
74,CNN,"It’s our job to #GoThere & tell the most difficult stories. For breaking news, follow @CNNBRK and download our app https://t.co/ceNBoNi8y6",,1097,60541107,389979,38,"""I do think that youth turnout is what made the difference here.""

@AOC shares her thoughts on the midterms, ""the squad"" and more. https://t.co/Cp6ru2v1IZ https://t.co/CE5EOaPHmm",Politics
75,CNN,"It’s our job to #GoThere & tell the most difficult stories. For breaking news, follow @CNNBRK and download our app https://t.co/ceNBoNi8y6",,1097,60541107,389979,54,"“American people saw that democracy was at risk.”

Senate Majority Leader Chuck Schumer, who won his reelection, discusses how the Democratic Party defied historic odds during the midterm election. CNN This Morning’s @kaitlancollins has more.

Watch here: https://t.co/RQQnB4upZI",Politics
76,CNN,"It’s our job to #GoThere & tell the most difficult stories. For breaking news, follow @CNNBRK and download our app https://t.co/ceNBoNi8y6",,1097,60541107,389979,246,"Documents show six nations spent more than $700,000 at Trump's DC hotel, a rare case of foreign governments spending money with a sitting president https://t.co/nds7KUZFjI",Politics
77,CNN,"It’s our job to #GoThere & tell the most difficult stories. For breaking news, follow @CNNBRK and download our app https://t.co/ceNBoNi8y6",,1097,60541107,389979,28,"Pollster and communication strategist @FrankLuntz joins “CNN This Morning” to discuss the 2022 midterm elections and why pundits and poll watchers got their predictions wrong.

Watch here: https://t.co/5QnUveuN17",Politics
78,CNN,"It’s our job to #GoThere & tell the most difficult stories. For breaking news, follow @CNNBRK and download our app https://t.co/ceNBoNi8y6",,1097,60541107,389979,138,JUST IN: The Supreme Court says the House January 6 committee may obtain the phone and text records of Arizona Republican Party Chair Kelli Ward https://t.co/kC4T5fK7ZI,Politics
79,CNN,"It’s our job to #GoThere & tell the most difficult stories. For breaking news, follow @CNNBRK and download our app https://t.co/ceNBoNi8y6",,1097,60541107,389979,59,The CIA director is meeting with his Russian counterpart to deliver a message on the use of nuclear weapons and discuss the detention of US citizens https://t.co/wBR2OC85OM,Politics
80,CNN,"It’s our job to #GoThere & tell the most difficult stories. For breaking news, follow @CNNBRK and download our app https://t.co/ceNBoNi8y6",,1097,60541107,389979,340,Hear what Biden and Xi said to each other in first meeting as heads of state. https://t.co/731iGGOvSx https://t.co/weHKmzWEdd,Politics
81,CNN,"It’s our job to #GoThere & tell the most difficult stories. For breaking news, follow @CNNBRK and download our app https://t.co/ceNBoNi8y6",,1097,60541107,389979,112,"Former President Donald Trump repeatedly told his onetime White House chief of staff, John Kelly, that he wanted the Internal Revenue Service to investigate his political foes, Kelly told The New York Times. https://t.co/KYemxi88nB",Politics
82,CNN,"It’s our job to #GoThere & tell the most difficult stories. For breaking news, follow @CNNBRK and download our app https://t.co/ceNBoNi8y6",,1097,60541107,389979,177,"Former Vice President Mike Pence said former President Donald Trump’s words on social media during the January 6, 2021, attack on the US Capitol were “reckless” and criticized Trump for being “part of the problem” that day. https://t.co/smhaEkLHkr",Politics
83,CNN,"It’s our job to #GoThere & tell the most difficult stories. For breaking news, follow @CNNBRK and download our app https://t.co/ceNBoNi8y6",,1097,60541107,389979,62,"“This is race-baiting in the worst form.” 

CNN's Van Jones and Don Lemon react to Sen. Lindsey Graham’s emotional plea in favor of Republican candidate Herschel Walker on Fox. https://t.co/vZ6b3b4yB7 https://t.co/xoC1hXFJ1G",Politics
84,CNN,"It’s our job to #GoThere & tell the most difficult stories. For breaking news, follow @CNNBRK and download our app https://t.co/ceNBoNi8y6",,1097,60541107,389979,319,"""I do think that youth turnout is what made the difference here.""

@AOC shares her thoughts on the midterms, ""the squad"" and more. https://t.co/QSU19zjE17 https://t.co/WF9ITyZbqD",Politics
85,CNN,"It’s our job to #GoThere & tell the most difficult stories. For breaking news, follow @CNNBRK and download our app https://t.co/ceNBoNi8y6",,1097,60541107,389979,66,"“I know I’m stronger.""

Asked if the results put him in a stronger position heading into the meeting with Chinese leader Xi Jinping, President Joe Biden didn’t hesitate. https://t.co/mGn0ZjrT8s",Politics
86,CNN,"It’s our job to #GoThere & tell the most difficult stories. For breaking news, follow @CNNBRK and download our app https://t.co/ceNBoNi8y6",,1097,60541107,389979,103,"Increased threats against lawmakers have made Representative @AOC fear for her life. She talks personal safety, election results, and her time in Congress on the next episode of Who’s Talking to #ChrisWallace, tonight at 7 p.m. ET https://t.co/5KDYFkgsOS",Politics
87,CNN,"It’s our job to #GoThere & tell the most difficult stories. For breaking news, follow @CNNBRK and download our app https://t.co/ceNBoNi8y6",,1097,60541107,389979,395,Republican Gov. Larry Hogan of Maryland said that former President Donald Trump has cost the GOP the last three elections and it’s past time to reassess what’s important to the party. https://t.co/ACXct0200X,Politics
88,CNN,"It’s our job to #GoThere & tell the most difficult stories. For breaking news, follow @CNNBRK and download our app https://t.co/ceNBoNi8y6",,1097,60541107,389979,24,Who inspires you? Show the 2022 CNN Heroes your ❤️ with your votes. You can vote up to 10 times a day every day at https://t.co/VjGZSkD2yJ https://t.co/ZhdK1nQx8h,Politics
89,CNN,"It’s our job to #GoThere & tell the most difficult stories. For breaking news, follow @CNNBRK and download our app https://t.co/ceNBoNi8y6",,1097,60541107,389979,46,"Israel's President Isaac Herzog asked Benjamin Netanyahu to form a new government, allowing the former prime minister to secure the country's top job for a record sixth time. https://t.co/8aXaNuDGan https://t.co/9saqWFpQPU",Politics
90,CNN,"It’s our job to #GoThere & tell the most difficult stories. For breaking news, follow @CNNBRK and download our app https://t.co/ceNBoNi8y6",,1097,60541107,389979,297,"A 29-year-old community organizer made history as the first known Muslim woman elected to the Georgia House of Representatives, and the first Palestinian American elected to any office in the state. https://t.co/3nn41rHzzi",Politics
91,CNN,"It’s our job to #GoThere & tell the most difficult stories. For breaking news, follow @CNNBRK and download our app https://t.co/ceNBoNi8y6",,1097,60541108,389979,488,"""I'm tired of losing. That's all [Trump's] done.""

Maryland's Republican Gov. Larry Hogan gives his take on the midterm election results for the GOP and what it means about former president Donald Trump's impact. @CNNSotu #CNNSOTU https://t.co/vde9X3Ly9Y",Politics
92,CNN,"It’s our job to #GoThere & tell the most difficult stories. For breaking news, follow @CNNBRK and download our app https://t.co/ceNBoNi8y6",,1097,60541108,389979,81,"Sen. Lindsey Graham (R-SC) made an emotional plea in favor of Republican candidate Herschel Walker on Fox. CNN's @VanJones68 and @donlemon discuss the moment on ""CNN This Morning.""

Watch: https://t.co/8XPxkXjUe7",Politics
93,CNN,"It’s our job to #GoThere & tell the most difficult stories. For breaking news, follow @CNNBRK and download our app https://t.co/ceNBoNi8y6",,1097,60541108,389979,19,"CNN political commentator and Democratic strategist @hilaryr discusses Democrats' and Republicans' strategies in the 2022 midterm election.

Watch: https://t.co/DYenEnsUcc",Politics
94,CNN,"It’s our job to #GoThere & tell the most difficult stories. For breaking news, follow @CNNBRK and download our app https://t.co/ceNBoNi8y6",,1097,60541108,389979,34,The battle for control of the House is now the biggest unanswered question of this year's midterm elections after Democrats kept their narrow Senate majority. Here's what you need to know. https://t.co/Q4ACXiRObU,Politics
95,CNN,"It’s our job to #GoThere & tell the most difficult stories. For breaking news, follow @CNNBRK and download our app https://t.co/ceNBoNi8y6",,1097,60541108,389979,68,"With Sen. Cortez Masto's key win in Nevada, Democrats will maintain control of the chamber in a big victory for President Biden, CNN projects
https://t.co/kaau6KHN1N",Politics
96,CNN,"It’s our job to #GoThere & tell the most difficult stories. For breaking news, follow @CNNBRK and download our app https://t.co/ceNBoNi8y6",,1097,60541108,389979,520,"The New York Democrat said the deluge of threats against her means “when I wake up in the morning, I hesitate to walk my dog. It means when I come home, I have to ask my fiancé to come out to where my car is to walk me just from my car to my front door” https://t.co/BNEK2VQfCl",Politics
97,CNN,"It’s our job to #GoThere & tell the most difficult stories. For breaking news, follow @CNNBRK and download our app https://t.co/ceNBoNi8y6",,1097,60541108,389979,102,"""The shocking thing about this year (assuming the current trends hold) is that Biden is quite unpopular,"" writes Harry Enten | Analysis https://t.co/2fdemuBrVr",Politics
98,CNN,"It’s our job to #GoThere & tell the most difficult stories. For breaking news, follow @CNNBRK and download our app https://t.co/ceNBoNi8y6",,1097,60541108,389979,277,"President Joe Biden has accepted the resignation of US Customs and Border Protection Commissioner Christopher Magnus, the White House said. 
https://t.co/Ov9vLk6zCF",Politics
99,CNN,"It’s our job to #GoThere & tell the most difficult stories. For breaking news, follow @CNNBRK and download our app https://t.co/ceNBoNi8y6",,1097,60541108,389979,596,"With Sen. Cortez Masto's key win in Nevada, Democrats will maintain control of the chamber in a big victory for President Biden, CNN projects
https://t.co/m4v1kAujjR",Politics
100,CNN,"It’s our job to #GoThere & tell the most difficult stories. For breaking news, follow @CNNBRK and download our app https://t.co/ceNBoNi8y6",,1097,60541108,389979,32,"Richard Casper and CreatiVets are using art and music to help fellow vets heal by sharing their stories. 

You can vote for Richard become CNN Hero of the Year. Vote for him or any of the other Top 10 CNN Heroes right now at https://t.co/ANMKKlbytz. https://t.co/HrIk1iWNJ1",Politics
101,CNN,"It’s our job to #GoThere & tell the most difficult stories. For breaking news, follow @CNNBRK and download our app https://t.co/ceNBoNi8y6",,1097,60541108,389979,43,Meet the history-makers of the 2022 midterm elections. https://t.co/du8Ohi9s2r,Politics
102,CNN,"It’s our job to #GoThere & tell the most difficult stories. For breaking news, follow @CNNBRK and download our app https://t.co/ceNBoNi8y6",,1097,60541108,389979,67,"A top Democratic super PAC will begin airing a new ad attacking Republican Herschel Walker’s character on Saturday, as both parties turn their focus to a Georgia Senate runoff that may end up determining control of the Senate https://t.co/VjOMLCze5W",Politics
103,CNN,"It’s our job to #GoThere & tell the most difficult stories. For breaking news, follow @CNNBRK and download our app https://t.co/ceNBoNi8y6",,1097,60541108,389979,27,More than 100 new plaintiffs affected by water contamination at Red Hill Bulk Fuel Storage Facility in Hawaii have been included in a lawsuit against the United States government https://t.co/oFZ7c3ul9y,Politics
104,CNN,"It’s our job to #GoThere & tell the most difficult stories. For breaking news, follow @CNNBRK and download our app https://t.co/ceNBoNi8y6",,1097,60541108,389979,42,President Joe Biden arrived in Cambodia on Saturday morning local time for a series of summits and meetings between the US president and leaders of Southeast Asian nations https://t.co/yDDTBhrCed,Politics
105,CNN,"It’s our job to #GoThere & tell the most difficult stories. For breaking news, follow @CNNBRK and download our app https://t.co/ceNBoNi8y6",,1097,60541108,389979,100,"Donald Trump is calling up his allies in the Senate, GOP sources tell CNN, and making a suggestion as he seeks to divert blame for Republicans’ lackluster midterm performance: Take aim at Mitch McConnell. https://t.co/aLNn6DH95A",Politics
106,CNN,"It’s our job to #GoThere & tell the most difficult stories. For breaking news, follow @CNNBRK and download our app https://t.co/ceNBoNi8y6",,1097,60541104,389979,87,"Bill Gates, the Maricopa County Board of Supervisors Chairman, explains how votes are being counted and shuts down allegations from Blake Masters and the RNC that ballots in Maricopa County were mixed up. https://t.co/o98DUKetBw",Politics
107,CNN,"It’s our job to #GoThere & tell the most difficult stories. For breaking news, follow @CNNBRK and download our app https://t.co/ceNBoNi8y6",,1097,60541104,389979,354,"Democrats are just one seat away from keeping Senate control.

All eyes are now on Nevada, where the extremely tight race could determine control of the Senate.

Read more: https://t.co/xjhLBtF9kl

Follow live updates: https://t.co/UKVi3zNDK7 https://t.co/DC1sOPTFIU",Politics
108,CNN,"It’s our job to #GoThere & tell the most difficult stories. For breaking news, follow @CNNBRK and download our app https://t.co/ceNBoNi8y6",,1097,60541104,389979,45,The internal Democratic maneuvering to succeed House Speaker Nancy Pelosi is quietly playing out behind the scenes even as lawmakers are completely in the dark about her ambitions and future plans. https://t.co/weDVpkzzpl,Politics
109,CNN,"It’s our job to #GoThere & tell the most difficult stories. For breaking news, follow @CNNBRK and download our app https://t.co/ceNBoNi8y6",,1097,60541104,389979,33,Herschel Walker’s success in his upcoming runoff against incumbent Democratic Sen. Raphael Warnock could depend on GOP luminaries flocking to Georgia. Many Republicans are torn over whether that should include Donald Trump. https://t.co/BEFTPITkmu,Politics
110,CNN,"It’s our job to #GoThere & tell the most difficult stories. For breaking news, follow @CNNBRK and download our app https://t.co/ceNBoNi8y6",,1097,60541104,389979,565,"CNN PROJECTION: Democratic Sen. Mark Kelly will be elected to a full term, keeping Senate seat blue in Arizona as he defeats Republican Blake Masters https://t.co/rQ1u1StnlS https://t.co/IeKA2nOaSK",Politics
111,CNN,"It’s our job to #GoThere & tell the most difficult stories. For breaking news, follow @CNNBRK and download our app https://t.co/ceNBoNi8y6",,1097,60541104,389979,38,Former and current Republican members of Congress refused to commit to the possibility of a Donald Trump bid for the presidency in interviews on conservative talk radio following the midterm elections. https://t.co/7tFCVHRqa9,Politics
112,CNN,"It’s our job to #GoThere & tell the most difficult stories. For breaking news, follow @CNNBRK and download our app https://t.co/ceNBoNi8y6",,1097,60541104,389979,79,CNN PROJECTION: Trump-backed Republican Joe Lombardo will be the next governor of Nevada after Democratic incumbent Steve Sisolak concedes in the key race https://t.co/HRCCqWXVfu,Politics
113,CNN,"It’s our job to #GoThere & tell the most difficult stories. For breaking news, follow @CNNBRK and download our app https://t.co/ceNBoNi8y6",,1097,60541104,389979,88,"Former President Donald Trump has sued the House select committee investigating January 6, 2021, according to filings in a federal court in Florida
https://t.co/4pTOaHDtlu",Politics
114,CNN,"It’s our job to #GoThere & tell the most difficult stories. For breaking news, follow @CNNBRK and download our app https://t.co/ceNBoNi8y6",,1097,60541104,389979,32,.@JohnKingCNN and @wolfblitzer analyze the latest numbers from the Nevada Senate race and how it could determine control of the US Senate. Watch: https://t.co/siH2iUfO0g,Politics
115,CNN,"It’s our job to #GoThere & tell the most difficult stories. For breaking news, follow @CNNBRK and download our app https://t.co/ceNBoNi8y6",,1097,60541104,389979,128,"JUST IN: Democrat Tina Kotek will win the open gubernatorial race in Oregon, CNN projects, becoming one of the nation’s first out lesbian governors along with Democrat Maura Healey of Massachusetts. https://t.co/ZelWynXzc8",Politics
116,CNN,"It’s our job to #GoThere & tell the most difficult stories. For breaking news, follow @CNNBRK and download our app https://t.co/ceNBoNi8y6",,1097,60541104,389979,33,"In an upcoming book about his time in office, former Vice President Mike Pence reveals new details about his relationship with Donald Trump. @BrianToddCNN has the details: https://t.co/PiB2geuoYj",Politics
117,CNN,"It’s our job to #GoThere & tell the most difficult stories. For breaking news, follow @CNNBRK and download our app https://t.co/ceNBoNi8y6",,1097,60541104,389979,32,"As Florida Gov. Ron DeSantis celebrates a second term in office and rumors of a 2024 presidential run swirl, his wife and trusted adviser Casey is also in the spotlight. Watch reporting from @randikayeCNN https://t.co/qXjYmUgAjh",Politics
118,CNN,"It’s our job to #GoThere & tell the most difficult stories. For breaking news, follow @CNNBRK and download our app https://t.co/ceNBoNi8y6",,1097,60541104,389979,26,Pollster Frank Luntz gives advice to former President Donald Trump after a string of midterm losses by the candidates Trump supported. Watch the moment with @Boris_Sanchez on @CNNnewsroom: https://t.co/sYAzBlX1Qn,Politics
119,CNN,"It’s our job to #GoThere & tell the most difficult stories. For breaking news, follow @CNNBRK and download our app https://t.co/ceNBoNi8y6",,1097,60541104,389979,29,Chris Magnus has been criticized internally for being out of touch with the agency and publicly for the handling of the US-Mexico border. https://t.co/6SBV8g06aE,Politics
120,CNN,"It’s our job to #GoThere & tell the most difficult stories. For breaking news, follow @CNNBRK and download our app https://t.co/ceNBoNi8y6",,1097,60541104,389979,108,Four Supreme Court justices who voted to strike down Roe v. Wade joined the Federalist Society Thursday night as the conservative legal group celebrated its 40th anniversary and resoundingly applauded the high court’s June decision https://t.co/rpOeeibIb3,Politics
121,CNN,"It’s our job to #GoThere & tell the most difficult stories. For breaking news, follow @CNNBRK and download our app https://t.co/ceNBoNi8y6",,1097,60541108,389979,320,"The New York Democrat said the deluge of threats against her means “when I wake up in the morning, I hesitate to walk my dog. It means when I come home, I have to ask my fiancé to come out to where my car is to walk me just from my car to my front door” https://t.co/ePfHIM2ZFx",Politics
122,CNN,"It’s our job to #GoThere & tell the most difficult stories. For breaking news, follow @CNNBRK and download our app https://t.co/ceNBoNi8y6",,1097,60541108,389979,83,A federal judge in Texas has struck down President Joe Biden’s student loan forgiveness program https://t.co/08GbbZP7u3 https://t.co/AA2BVzGkO5,Politics
123,CNN,"It’s our job to #GoThere & tell the most difficult stories. For breaking news, follow @CNNBRK and download our app https://t.co/ceNBoNi8y6",,1097,60541108,389979,31,"Richard Casper and @CreatiVets1 are using art and music to help fellow vets heal by sharing their stories. 

You can help Richard become the next CNN Hero of the Year. Vote for him or any of the other Top 10 CNN Heroes right now at https://t.co/ANMKKkTX4Z. https://t.co/sjOWSFxn2t",Politics
124,CNN,"It’s our job to #GoThere & tell the most difficult stories. For breaking news, follow @CNNBRK and download our app https://t.co/ceNBoNi8y6",,1097,60541108,389979,30,Republican Rep. Lauren Boebert remained in a tight race Friday morning against Democrat Adam Frisch after redistricting made her bid for reelection to her Colorado seat more competitive https://t.co/wxFg348gP3,Politics
125,CNN,"It’s our job to #GoThere & tell the most difficult stories. For breaking news, follow @CNNBRK and download our app https://t.co/ceNBoNi8y6",,1097,60541108,389979,27,Biden celebrated a major victory on climate this year. But this issue could prove insurmountable https://t.co/lCoOEZ9FPv,Politics
126,CNN,"It’s our job to #GoThere & tell the most difficult stories. For breaking news, follow @CNNBRK and download our app https://t.co/ceNBoNi8y6",,1097,60541108,389979,26,CNN's @JohnBerman breaks down where the votes are trending in the Nevada and Arizona Senate races. Watch here: https://t.co/1uWQ7rd9y1,Politics
127,CNN,"It’s our job to #GoThere & tell the most difficult stories. For breaking news, follow @CNNBRK and download our app https://t.co/ceNBoNi8y6",,1097,60541108,389979,30,States are counting votes with key races still in play. Here’s what you need to know: https://t.co/PKXfWYjyMe,Politics
128,CNN,"It’s our job to #GoThere & tell the most difficult stories. For breaking news, follow @CNNBRK and download our app https://t.co/ceNBoNi8y6",,1097,60541108,389979,33,Election officials are urging patience and trying to tamp down on conspiracy theories about why the vote count in western states isn’t yet done as control of the House and Senate hangs in the balance https://t.co/hT0K32jHbj,Politics
129,CNN,"It’s our job to #GoThere & tell the most difficult stories. For breaking news, follow @CNNBRK and download our app https://t.co/ceNBoNi8y6",,1097,60541108,389979,1490,"The New York Democrat said the deluge of threats against her means “when I wake up in the morning, I hesitate to walk my dog. It means when I come home, I have to ask my fiancé to come out to where my car is to walk me just from my car to my front door” https://t.co/8MXzYwKnLz",Politics
130,CNN,"It’s our job to #GoThere & tell the most difficult stories. For breaking news, follow @CNNBRK and download our app https://t.co/ceNBoNi8y6",,1097,60541108,389979,30,"Benjamin Netanyahu will be invited on Sunday to form Israel's next government, paving his way to the top job for a record sixth time https://t.co/7t4QkktdqU",Politics
131,CNN,"It’s our job to #GoThere & tell the most difficult stories. For breaking news, follow @CNNBRK and download our app https://t.co/ceNBoNi8y6",,1097,60541108,389979,30,Control of the House and Senate still hangs in the balance. Follow live updates 👇 https://t.co/AHht5nklgr,Politics
132,CNN,"It’s our job to #GoThere & tell the most difficult stories. For breaking news, follow @CNNBRK and download our app https://t.co/ceNBoNi8y6",,1097,60541108,389979,385,Four Supreme Court justices who voted to strike down Roe v. Wade joined the Federalist Society Thursday night as the conservative legal group celebrated its 40th anniversary and resoundingly applauded the high court’s June decision https://t.co/xMpoPD5vS6,Politics
133,CNN,"It’s our job to #GoThere & tell the most difficult stories. For breaking news, follow @CNNBRK and download our app https://t.co/ceNBoNi8y6",,1097,60541108,389979,66,"Bill Gates, the Maricopa County Board of Supervisors Chairman, joins CNN’s @wolfblitzer and @JohnKingCNN to fact-check claims by Arizona gubernatorial candidate Kari Lake about the vote counting in his county. https://t.co/cP87I3rKtk",Politics
134,CNN,"It’s our job to #GoThere & tell the most difficult stories. For breaking news, follow @CNNBRK and download our app https://t.co/ceNBoNi8y6",,1097,60541108,389979,122,"A federal judge ordered sanctions against attorneys for former President Trump in his failed lawsuit against Hillary Clinton, the DNC and others that he claimed conspired to undermine the 2016 election. https://t.co/uhh9Glgrri",Politics
135,CNN,"It’s our job to #GoThere & tell the most difficult stories. For breaking news, follow @CNNBRK and download our app https://t.co/ceNBoNi8y6",,1097,60541108,389979,41,The blame game taking shape in GOP circles comes after bullish predictions of a red wave that failed to materialize https://t.co/0Et6nEbOu3,Politics
136,CNN,"It’s our job to #GoThere & tell the most difficult stories. For breaking news, follow @CNNBRK and download our app https://t.co/ceNBoNi8y6",,1097,60541108,389979,63,Trump Organization controller testified about the mechanics behind him tacking on fringe benefits to salaries and bonuses at the direction of high-level executives https://t.co/YYTkziLDHQ,Politics
137,CNN,"It’s our job to #GoThere & tell the most difficult stories. For breaking news, follow @CNNBRK and download our app https://t.co/ceNBoNi8y6",,1097,60541108,389979,725,"JUST IN: A federal judge strikes down President Biden's student loan forgiveness program, which is already on hold due to a separate legal challenge
https://t.co/eBf65WMuNp",Politics
138,CNN,"It’s our job to #GoThere & tell the most difficult stories. For breaking news, follow @CNNBRK and download our app https://t.co/ceNBoNi8y6",,1097,60541108,389979,21,CNN senior data reporter @ForecasterEnten discusses historical data surrounding runoff elections in Georgia ahead of the Senate runoff between Democrat Raphael Warnock and Republican Herschel Walker. Watch: https://t.co/DMsQEzBuCP,Politics
139,CNN,"It’s our job to #GoThere & tell the most difficult stories. For breaking news, follow @CNNBRK and download our app https://t.co/ceNBoNi8y6",,1097,60541108,389979,41,"On Thursday, President Biden renewed his vow to try to work across the aisle – while also telling Republicans he expected them to do the same https://t.co/1l225Z6sWm https://t.co/MByJPB3sdt",Politics
140,CNN,"It’s our job to #GoThere & tell the most difficult stories. For breaking news, follow @CNNBRK and download our app https://t.co/ceNBoNi8y6",,1097,60541108,389979,22,New York Congressman-elect Michael Lawler tells CNN's @ErinBurnett why he believes a Democrat-backed effort to redraw Congressional districts in New York backfired during this midterm election. Watch: https://t.co/z8zpQpMRu5,Politics
141,CNN,"It’s our job to #GoThere & tell the most difficult stories. For breaking news, follow @CNNBRK and download our app https://t.co/ceNBoNi8y6",,1097,60541108,389979,80,"“Tuesday was a good day for America, a good day for democracy and it was a strong night for Democrats,” President Biden said Thursday https://t.co/H33cMrVRXg https://t.co/Y3anU1h4N6",Politics
142,CNN,"It’s our job to #GoThere & tell the most difficult stories. For breaking news, follow @CNNBRK and download our app https://t.co/ceNBoNi8y6",,1097,60541108,389979,40,Meet some of the history-makers in the 2022 midterm elections https://t.co/LHRiydTzZl https://t.co/PUGeJsGXZk,Politics
143,CNN,"It’s our job to #GoThere & tell the most difficult stories. For breaking news, follow @CNNBRK and download our app https://t.co/ceNBoNi8y6",,1097,60541108,389979,60,"Rep. Alexandria Ocasio-Cortez (D-NY) tells CNN's Chris Wallace how she navigates feeling danger in her life, and how that has shaped her political moves. Watch: https://t.co/HOZ2MwsRj6",Politics
144,CNN,"It’s our job to #GoThere & tell the most difficult stories. For breaking news, follow @CNNBRK and download our app https://t.co/ceNBoNi8y6",,1097,60541108,389979,31,"The US will have a record number of female governors in 2023. Still, the record-setting number – 12 – will represent a small fraction of the top executives across the 50 states. https://t.co/h93emEo82h",Politics
145,CNN,"It’s our job to #GoThere & tell the most difficult stories. For breaking news, follow @CNNBRK and download our app https://t.co/ceNBoNi8y6",,1097,60541108,389979,21,".@sarasidnerCNN talks to Maricopa County election official Bill Gates, in one of the largest population centers in the state of Arizona, which still has hundreds of thousands of votes that need to be counted. Watch: https://t.co/jatFT97wA7",Politics
146,CNN,"It’s our job to #GoThere & tell the most difficult stories. For breaking news, follow @CNNBRK and download our app https://t.co/ceNBoNi8y6",,1097,60541108,389979,27,Key races to determine control of the Senate in Arizona and Nevada have yet to be called as both states race to count hundreds of thousands of ballots that have yet to be processed. https://t.co/FoyTIF9IVg,Politics
147,CNN,"It’s our job to #GoThere & tell the most difficult stories. For breaking news, follow @CNNBRK and download our app https://t.co/ceNBoNi8y6",,1097,60541108,389979,43,"The US observed Russian naval vessels preparing for a possible test of a new nuclear-powered torpedo in recent weeks, a senior US official with direct knowledge told CNN https://t.co/Vs8NJ0EZ3Y",Politics
148,CNN,"It’s our job to #GoThere & tell the most difficult stories. For breaking news, follow @CNNBRK and download our app https://t.co/ceNBoNi8y6",,1097,60541108,389979,51,Justice Sonia Sotomayor has rejected a request that the Supreme Court block New York City’s public sector Covid-19 vaccine requirement as it applies to employees with who have religious objections to the vaccine https://t.co/96KAerjjQv,Politics
149,CNN,"It’s our job to #GoThere & tell the most difficult stories. For breaking news, follow @CNNBRK and download our app https://t.co/ceNBoNi8y6",,1097,60541108,389979,11,Who is your favorite top 10 CNN Hero? Vote for them to be the CNN Hero of the Year! Go to https://t.co/ry7KVE0TW9 every day and vote. https://t.co/QrDrBGbGAJ,Politics
150,CNN,"It’s our job to #GoThere & tell the most difficult stories. For breaking news, follow @CNNBRK and download our app https://t.co/ceNBoNi8y6",,1097,60541108,389979,35,Voters in several states have approved progressive measures that could not get through a Democratic-led Congress or Republican-dominated statehouses https://t.co/MTyFTusGiX,Politics
151,CNN,"It’s our job to #GoThere & tell the most difficult stories. For breaking news, follow @CNNBRK and download our app https://t.co/ceNBoNi8y6",,1097,60541109,389979,61,President Joe Biden will meet Chinese leader Xi Jinping face-to-face on Monday in their first in-person encounter since Biden took office https://t.co/lfTOs72vp6,Politics
152,CNN,"It’s our job to #GoThere & tell the most difficult stories. For breaking news, follow @CNNBRK and download our app https://t.co/ceNBoNi8y6",,1097,60541109,389979,139,A US Navy nuclear engineer and his wife were sentenced for conspiring to sell classified information related to the design of nuclear-powered warships to a foreign country in exchange for thousands of dollars in cryptocurrency. https://t.co/jATkrAmVaB,Politics
153,CNN,"It’s our job to #GoThere & tell the most difficult stories. For breaking news, follow @CNNBRK and download our app https://t.co/ceNBoNi8y6",,1097,60541109,389979,25,"Rep. Lauren Boebert (R-CO), a controversial congresswoman who enthusiastically supports former President Trump, is in a very tight reelection race with Democratic candidate Adam Frisch. CNN breaks down where the race stands. Watch: https://t.co/75ygenhNrm",Politics
154,CNN,"It’s our job to #GoThere & tell the most difficult stories. For breaking news, follow @CNNBRK and download our app https://t.co/ceNBoNi8y6",,1097,60541109,389979,44,Biden hopes his stops at a climate meeting will assert American leadership in areas former President Donald Trump ignored https://t.co/gSO8SUFaEG,Politics
155,CNN,"It’s our job to #GoThere & tell the most difficult stories. For breaking news, follow @CNNBRK and download our app https://t.co/ceNBoNi8y6",,1097,60541109,389979,95,"Trump is privately ""very angry"" after a disappointing performance for Republicans in the midterm elections, @maggieNYT reports on @CNNThisMorning. Watch: https://t.co/1D1zm9fgVC",Politics
156,CNN,"It’s our job to #GoThere & tell the most difficult stories. For breaking news, follow @CNNBRK and download our app https://t.co/ceNBoNi8y6",,1097,60541109,389979,30,Control of the US Senate could hinge on Nevada and Arizona https://t.co/o0nmMP9X5v,Politics
157,CNN,"It’s our job to #GoThere & tell the most difficult stories. For breaking news, follow @CNNBRK and download our app https://t.co/ceNBoNi8y6",,1097,60541109,389979,27,"Control of the Senate and House still hangs in the balance. Follow live updates here: 
https://t.co/inBPAJH0hO",Politics
158,CNN,"It’s our job to #GoThere & tell the most difficult stories. For breaking news, follow @CNNBRK and download our app https://t.co/ceNBoNi8y6",,1097,60541109,389979,38,Voters in several states have approved progressive measures that could not get through a Democratic-led Congress or Republican-dominated statehouses https://t.co/KQL84sN5Hz,Politics
159,CNN,"It’s our job to #GoThere & tell the most difficult stories. For breaking news, follow @CNNBRK and download our app https://t.co/ceNBoNi8y6",,1097,60541109,389979,49,"A grand jury has returned a federal indictment charging David DePape, the man accused of violently attacking Nancy Pelosi’s husband, with attempted kidnapping of a federal official and assault of an immediate family member of a federal official https://t.co/6U1hYE1is4",Politics
160,CNN,"It’s our job to #GoThere & tell the most difficult stories. For breaking news, follow @CNNBRK and download our app https://t.co/ceNBoNi8y6",,1097,60541109,389979,42,"The US will have a record number of female governors in 2023. Still, the record-setting number – 12 – will represent a small fraction of the top executives across the 50 states. https://t.co/Yu7ko4SAGO",Politics
161,CNN,"It’s our job to #GoThere & tell the most difficult stories. For breaking news, follow @CNNBRK and download our app https://t.co/ceNBoNi8y6",,1097,60541109,389979,210,A US Navy nuclear engineer and his wife were sentenced for conspiring to sell classified information related to the design of nuclear-powered warships to a foreign country in exchange for thousands of dollars in cryptocurrency. https://t.co/GPZMzjAHGi,Politics
162,CNN,"It’s our job to #GoThere & tell the most difficult stories. For breaking news, follow @CNNBRK and download our app https://t.co/ceNBoNi8y6",,1097,60541109,389979,52,"Neither Democratic Sen. Raphael Warnock nor Republican challenger Herschel Walker surpassed the 50% threshold needed to win the race outright, CNN projects, which forces a runoff election set for December 6. https://t.co/vnvplchYE7",Politics
163,CNN,"It’s our job to #GoThere & tell the most difficult stories. For breaking news, follow @CNNBRK and download our app https://t.co/ceNBoNi8y6",,1097,60541109,389979,98,"Democrat Maura Healey has been elected as Massachusetts' first female governor, defeating Trump-backed nominee Geoff Diehl. She joins CNN's @jaketapper to discuss her win and sends a message to girls and the LGBTQ community. Watch: https://t.co/G8N0O48xMC",Politics
164,CNN,"It’s our job to #GoThere & tell the most difficult stories. For breaking news, follow @CNNBRK and download our app https://t.co/ceNBoNi8y6",,1097,60541109,389979,39,Momentum – and planning – for a DeSantis 2024 bid takes off after his resounding reelection win in Florida https://t.co/dSK1xz0quN,Politics
165,CNN,"It’s our job to #GoThere & tell the most difficult stories. For breaking news, follow @CNNBRK and download our app https://t.co/ceNBoNi8y6",,1097,60541109,389979,16,"Dozens of Republicans who disputed the 2020 election's legitimacy were on the ballot. Here's who won, who lost and which races remain uncalled. https://t.co/TVe9cOjp2b",Politics
166,CNN,"It’s our job to #GoThere & tell the most difficult stories. For breaking news, follow @CNNBRK and download our app https://t.co/ceNBoNi8y6",,1097,60541109,389979,54,"Wes Moore, the first Black governor-elect of Maryland — and the third Black governor to be elected in American history — speaks with @DanaBashCNN following his victory. Watch: https://t.co/vImu7ENvVd",Politics
167,CNN,"It’s our job to #GoThere & tell the most difficult stories. For breaking news, follow @CNNBRK and download our app https://t.co/ceNBoNi8y6",,1097,60541109,389979,56,"The fallout from Trump’s 2020 election lies – and the fraud conspiracy theories, hostility towards election officials and promises of combative poll watching activities those falsehoods produced – did not translate into widespread chaos at polling places https://t.co/4AnS1G48u1",Politics
168,CNN,"It’s our job to #GoThere & tell the most difficult stories. For breaking news, follow @CNNBRK and download our app https://t.co/ceNBoNi8y6",,1097,60541109,389979,132,"""Our intention is to run again,"" President Biden says about his 2024 plans. ""That's been our intention regardless of what the outcome of this election was."" https://t.co/qlwihmTuIt https://t.co/y3Pwpbn2Ds",Politics
169,CNN,"It’s our job to #GoThere & tell the most difficult stories. For breaking news, follow @CNNBRK and download our app https://t.co/ceNBoNi8y6",,1097,60541109,389979,132,"President Joe Biden: “While the press and the pundits (were) predicting a giant red wave, it didn’t happen.” https://t.co/vh18mpccSb https://t.co/0PcFtBetIF",Politics
170,CNN,"It’s our job to #GoThere & tell the most difficult stories. For breaking news, follow @CNNBRK and download our app https://t.co/ceNBoNi8y6",,1097,60541109,389979,35,President Biden speaks as Democrats hold off Republicans from decisive victories in midterm elections. Follow live updates https://t.co/O6gUXJfoUW,Politics
171,CNN,"It’s our job to #GoThere & tell the most difficult stories. For breaking news, follow @CNNBRK and download our app https://t.co/ceNBoNi8y6",,1097,60541109,389979,161,"Donald Trump wanted to catapult himself into a third presidential campaign with a wave of GOP gains behind him. Instead, he emerges from election night facing questions about his political future and with the momentum behind Florida Gov. Ron DeSantis https://t.co/y6UYCg7XyK",Politics
172,CNN,"It’s our job to #GoThere & tell the most difficult stories. For breaking news, follow @CNNBRK and download our app https://t.co/ceNBoNi8y6",,1097,60541109,389979,33,"Gabriel Sterling, the chief operating officer for Georgia's Secretary of State Office, tells CNN's @ErinBurnett and @JohnKingCNN why ""it's safe to say"" there will be a runoff in Georgia's Senate race. Watch: https://t.co/MtMy4nf8BX",Politics
173,CNN,"It’s our job to #GoThere & tell the most difficult stories. For breaking news, follow @CNNBRK and download our app https://t.co/ceNBoNi8y6",,1097,60541109,389979,11,Five states do not offer government-operated lotteries or participate in interstate drawings with rollover jackpots such as Powerball or Mega Millions. https://t.co/3ACOQtUBPS,Politics
174,CNN,"It’s our job to #GoThere & tell the most difficult stories. For breaking news, follow @CNNBRK and download our app https://t.co/ceNBoNi8y6",,1097,60541109,389979,97,"Former House Speaker Newt Gingrich must testify before the Atlanta-area special grand jury investigating efforts by Donald Trump and his allies to overturn the 2020 election in Georgia, a Virginia judge ordered. https://t.co/kqP6b2rUVX",Politics
175,CNN,"It’s our job to #GoThere & tell the most difficult stories. For breaking news, follow @CNNBRK and download our app https://t.co/ceNBoNi8y6",,1097,60541109,389979,26,Republican Kevin McCarthy is pushing to secure enough votes to become House speaker as a hard-right group weighs a long-shot challenge https://t.co/8iALUPoD1J,Politics
176,CNN,"It’s our job to #GoThere & tell the most difficult stories. For breaking news, follow @CNNBRK and download our app https://t.co/ceNBoNi8y6",,1097,60541109,389979,118,"RT @CNNPolitics: Democratic Rep. Susan Wild will hold on to her seat, once again defeating Republican Lisa Scheller, this time in a redrawn…",Politics
177,CNN,"It’s our job to #GoThere & tell the most difficult stories. For breaking news, follow @CNNBRK and download our app https://t.co/ceNBoNi8y6",,1097,60541109,389979,241,CNN PROJECTION: The Georgia Senate race will advance to a runoff between Democratic Sen. Raphael Warnock and Republican nominee Herschel Walker https://t.co/UwDX3Hmw8u https://t.co/uS5PSqwBbI,Politics
178,CNN,"It’s our job to #GoThere & tell the most difficult stories. For breaking news, follow @CNNBRK and download our app https://t.co/ceNBoNi8y6",,1097,60541109,389979,27,"Republicans still need to win two of the three remaining races to win the Senate majority, while it's unclear which party will take control of the House so far. 

Listen to the CNN 5 Things podcast for the latest on the midterm election results. https://t.co/qKAr94jAek https://t.co/oQmtfSQgJ4",Politics
179,CNN,"It’s our job to #GoThere & tell the most difficult stories. For breaking news, follow @CNNBRK and download our app https://t.co/ceNBoNi8y6",,1097,60541109,389979,37,Ex-GOP lawmaker says former president Donald Trump would take back his Ron DeSantis endorsement if he could. Watch here: https://t.co/wJoyEDRCIE,Politics
180,CNN,"It’s our job to #GoThere & tell the most difficult stories. For breaking news, follow @CNNBRK and download our app https://t.co/ceNBoNi8y6",,1097,60541109,389979,158,CNN PROJECTION: The Georgia Senate race will advance to a runoff between Democratic Sen. Raphael Warnock and Republican nominee Herschel Walker https://t.co/sulLmgKuG4,Politics
181,CNN,"It’s our job to #GoThere & tell the most difficult stories. For breaking news, follow @CNNBRK and download our app https://t.co/ceNBoNi8y6",,1097,60541107,389979,19,Adam Kinzinger makes prediction about Trump and House Minority Leader Kevin McCarthy's relationship. Watch here: https://t.co/StRs8sHBwo,Politics
182,CNN,"It’s our job to #GoThere & tell the most difficult stories. For breaking news, follow @CNNBRK and download our app https://t.co/ceNBoNi8y6",,1097,60541107,389979,19,Watch conservative analyst's reaction to Dr. Mehmet Oz's loss to Lt. Gov. John Fetterman for a Pennsylvania Senate seat: https://t.co/DuulO92dlW,Politics
183,CNN,"It’s our job to #GoThere & tell the most difficult stories. For breaking news, follow @CNNBRK and download our app https://t.co/ceNBoNi8y6",,1097,60541107,389979,17,"Voters in several states were asked whether to amend rules that will determine how elections will be run in the future, focusing on issues such as citizenship and registration, photo identification, and early voting. Here’s what we know so far. https://t.co/0VFUdW9xPR",Politics
184,CNN,"It’s our job to #GoThere & tell the most difficult stories. For breaking news, follow @CNNBRK and download our app https://t.co/ceNBoNi8y6",,1097,60541107,389979,28,Control of the Senate comes down to four races as Democrats dash Republican hopes of a resounding midterm victory and the battle for the House is a race-by-race fight. Follow live updates here 👇 https://t.co/5u3jBDSPzj,Politics
185,CNN,"It’s our job to #GoThere & tell the most difficult stories. For breaking news, follow @CNNBRK and download our app https://t.co/ceNBoNi8y6",,1097,60541107,389979,34,"RT @CNNPolitics: New York Rep. Sean Patrick Maloney, chair of the House Democratic campaign arm, has conceded his race to Republican Mike L…",Politics
186,CNN,"It’s our job to #GoThere & tell the most difficult stories. For breaking news, follow @CNNBRK and download our app https://t.co/ceNBoNi8y6",,1097,60541107,389979,69,Former President Donald Trump’s endorsements for political candidates in close high-profile races have not yet given Republicans the swift and sweeping victories they had anticipated for this election cycle. https://t.co/QSSeEdyo4o,Politics
187,CNN,"It’s our job to #GoThere & tell the most difficult stories. For breaking news, follow @CNNBRK and download our app https://t.co/ceNBoNi8y6",,1097,60541107,389979,111,Virginia Gov. Glenn Youngkin sent a handwritten note of apology to House Speaker Nancy Pelosi for comments he made after the assault on her husband Paul Pelosi. https://t.co/FS3Slae6Qg,Politics
188,CNN,"It’s our job to #GoThere & tell the most difficult stories. For breaking news, follow @CNNBRK and download our app https://t.co/ceNBoNi8y6",,1097,60541107,389979,92,RT @CNNPolitics: CNN PROJECTION: Democrat Hillary Scholten will win in Michigan's 3rd District https://t.co/z83JtYOkyO https://t.co/lCJusCQ…,Politics
189,CNN,"It’s our job to #GoThere & tell the most difficult stories. For breaking news, follow @CNNBRK and download our app https://t.co/ceNBoNi8y6",,1097,60541107,389979,21,RT @CNNPolitics: CNN PROJECTION: Republican Rep. Don Bacon will defeat Democratic challenger Tony Vargas in the competitive 2nd Congression…,Politics
190,CNN,"It’s our job to #GoThere & tell the most difficult stories. For breaking news, follow @CNNBRK and download our app https://t.co/ceNBoNi8y6",,1097,60541107,389979,196,"CNN PROJECTION: Democratic Gov. Laura Kelly will win reelection in Kansas, CNN projects, defeating Republican state Attorney General Derek Schmidt in a state former President Donald Trump won by 15 percentage points two years ago https://t.co/uQOo9TOm98 https://t.co/hssndTlbfb",Politics
191,CNN,"It’s our job to #GoThere & tell the most difficult stories. For breaking news, follow @CNNBRK and download our app https://t.co/ceNBoNi8y6",,1097,60541107,389979,125,25-year-old Florida Democrat Maxwell Frost won Gen Z's first House seat. @PoppyHarlowCNN talks to him here: https://t.co/5D4Tbrrqv1,Politics
192,CNN,"It’s our job to #GoThere & tell the most difficult stories. For breaking news, follow @CNNBRK and download our app https://t.co/ceNBoNi8y6",,1097,60541107,389979,33,"The morning after the election, here are the remaining Senate and House races to watch 👇 https://t.co/AbIHWVqXc3",Politics
193,CNN,"It’s our job to #GoThere & tell the most difficult stories. For breaking news, follow @CNNBRK and download our app https://t.co/ceNBoNi8y6",,1097,60541107,389979,38,“It doesn't look like a red wave.” Watch late night shows go live on election night: https://t.co/X0xdPwe6II,Politics
194,CNN,"It’s our job to #GoThere & tell the most difficult stories. For breaking news, follow @CNNBRK and download our app https://t.co/ceNBoNi8y6",,1097,60541107,389979,21,False claims and conspiracy theories about voting and the election process swirled on social media as Americans cast their ballots on Tuesday. Here's a look at some of them. https://t.co/rg4ePVi9OG,Politics
195,CNN,"It’s our job to #GoThere & tell the most difficult stories. For breaking news, follow @CNNBRK and download our app https://t.co/ceNBoNi8y6",,1097,60541107,389979,405,".@MaxwellFrostFL, the first Generation Z member who will be elected to Congress, says there ""is a lot we need to do"" on gun legislation.

""Universal background checks is something we need to pass."" https://t.co/3hT3x99k1V https://t.co/qGxhScOAqr",Politics
196,CNN,"It’s our job to #GoThere & tell the most difficult stories. For breaking news, follow @CNNBRK and download our app https://t.co/ceNBoNi8y6",,1097,60541107,389979,87,"Ballot measures to legalize recreational marijuana use will fail in Arkansas, North Dakota and South Dakota, and pass in Maryland and Missouri, CNN projects https://t.co/bMKApOc3Aq",Politics
197,CNN,"It’s our job to #GoThere & tell the most difficult stories. For breaking news, follow @CNNBRK and download our app https://t.co/ceNBoNi8y6",,1097,60541107,389979,74,"""The very latest in election fashion -- a suit made out of stickers."" 

Jimmy Kimmel and Stephen Colbert took their shows live on election night, sharing the earliest midterm results. https://t.co/SOjtSvhVq4 https://t.co/XL4rHoiapJ",Politics
198,CNN,"It’s our job to #GoThere & tell the most difficult stories. For breaking news, follow @CNNBRK and download our app https://t.co/ceNBoNi8y6",,1097,60541107,389979,23,"CNN’s @VictorBlackwell takes you behind the scenes of Maricopa County's ballot processing operation.
Watch here: https://t.co/Okm8sERK1V",Politics
199,CNN,"It’s our job to #GoThere & tell the most difficult stories. For breaking news, follow @CNNBRK and download our app https://t.co/ceNBoNi8y6",,1097,60541107,389979,1061,"At the tender age of 25, Maxwell Frost has become the first member of Generation Z to be elected to Congress, after winning Florida's 10th Congressional District.

Tap here to see more of the history-makers of the 2022 midterm elections 👉 https://t.co/HeqRATaxOd https://t.co/7ATJ8NYpu0",Politics
200,CNN,"It’s our job to #GoThere & tell the most difficult stories. For breaking news, follow @CNNBRK and download our app https://t.co/ceNBoNi8y6",,1097,60541107,389979,67,The hotly contested Senate contest in Georgia is too early to call nearly six hours after most polls closed in the state. Here's why the Georgia Senate race may be headed to a run-off. https://t.co/4rlxea6Kb4,Politics
201,CNN,"It’s our job to #GoThere & tell the most difficult stories. For breaking news, follow @CNNBRK and download our app https://t.co/ceNBoNi8y6",,1097,60541107,389979,30,"Voters around the country weighed in on key ballot measures, including initiatives that require IDs to vote and others that would legalize recreational marijuana.

Here's what we know so far: https://t.co/J2CDAC0d2b",Politics
202,CNN,"It’s our job to #GoThere & tell the most difficult stories. For breaking news, follow @CNNBRK and download our app https://t.co/ceNBoNi8y6",,1097,60541107,389979,55,CNN PROJECTION: Michigan Secretary of State Joycelyn Benson -- who emerged as a leading national voice countering election denial following the 2020 election -- will win a second term https://t.co/cXzCMIx0E4,Politics
203,CNN,"It’s our job to #GoThere & tell the most difficult stories. For breaking news, follow @CNNBRK and download our app https://t.co/ceNBoNi8y6",,1097,60541107,389979,45,"Below is a breakdown of some preliminary results of CNN’s exit poll of pre-election and Election Day voters, showing how different groups voted in the race for Congress this year, compared with the midterm election four years ago. https://t.co/Uos09DfN4t",Politics
204,CNN,"It’s our job to #GoThere & tell the most difficult stories. For breaking news, follow @CNNBRK and download our app https://t.co/ceNBoNi8y6",,1097,60541107,389979,116,"Michigan voters pass ballot measure to add abortion rights to the state constitution, CNN projects. California and Vermont also pass measures protecting abortion https://t.co/Aqk4xxmWO7",Politics
205,CNN,"It’s our job to #GoThere & tell the most difficult stories. For breaking news, follow @CNNBRK and download our app https://t.co/ceNBoNi8y6",,1097,60541107,389979,95,"Maxwell Frost (D): First member of Generation Z elected to Congress, CNN projects.

Becca Balint (D): First woman elected to Congress from Vermont, CNN projects.

https://t.co/ZbPrUShjEz https://t.co/vTjaeqO0vK",Politics
206,CNN,"It’s our job to #GoThere & tell the most difficult stories. For breaking news, follow @CNNBRK and download our app https://t.co/ceNBoNi8y6",,1097,60541107,389979,80,"Katie Britt (R): First elected female senator from Alabama, CNN projects.

Summer Lee (D): First Black woman elected to Congress from Pennsylvania, CNN projects.

Sarah Huckabee Sanders (R): First woman elected governor of Arkansas, CNN projects.

https://t.co/Er5wwAqoaA https://t.co/TBZ7VdHKjV",Politics
207,CNN,"It’s our job to #GoThere & tell the most difficult stories. For breaking news, follow @CNNBRK and download our app https://t.co/ceNBoNi8y6",,1097,60541107,389979,109,"Wes Moore (D): First Black governor of Maryland, CNN projects.

Markwayne Mullin (R): First Native American senator from Oklahoma in almost 100 years, CNN projects.

Maura Healey (D): First out lesbian governor in US history, CNN projects.

https://t.co/n7KBmmxr5l https://t.co/PfQQGzTwte",Politics
208,CNN,"It’s our job to #GoThere & tell the most difficult stories. For breaking news, follow @CNNBRK and download our app https://t.co/ceNBoNi8y6",,1097,60541107,389979,48,"Some Republican candidates who have denied or refused to affirm the results of the 2020 election will be elected as state elections chief, CNN projects — though others will be defeated. https://t.co/gEWhez2x1y",Politics
209,CNN,"It’s our job to #GoThere & tell the most difficult stories. For breaking news, follow @CNNBRK and download our app https://t.co/ceNBoNi8y6",,1097,60541107,389979,165,"CNN PROJECTION: Republican Brad Raffensperger, who refused Trump's request to ""find"" thousands of votes during the 2020 election, will be reelected as Georgia secretary of state https://t.co/htFFItn18K",Politics
210,CNN,"It’s our job to #GoThere & tell the most difficult stories. For breaking news, follow @CNNBRK and download our app https://t.co/ceNBoNi8y6",,1097,60541107,389979,44,"The battle for control of Congress is beginning to take shape as votes are counted in competitive races across the nation.

Here are some early takeaways as votes are being counted in key races. https://t.co/YuNQOsfLg4",Politics
211,CNN,"It’s our job to #GoThere & tell the most difficult stories. For breaking news, follow @CNNBRK and download our app https://t.co/ceNBoNi8y6",,1097,60541108,389979,150,"CNN PROJECTION: Democratic New York Gov. Kathy Hochul will win election to a full term, becoming the first woman to do so. She defeats Trump-backed Republican Lee Zeldin https://t.co/4pIhnM5FUj https://t.co/cj78ngM1gI",Politics
212,CNN,"It’s our job to #GoThere & tell the most difficult stories. For breaking news, follow @CNNBRK and download our app https://t.co/ceNBoNi8y6",,1097,60541108,389979,101,"CNN PROJECTION: Democrat Gavin Newsom will win another term as California's governor, a year after he faced a recall election https://t.co/Clki9XoTn1",Politics
213,CNN,"It’s our job to #GoThere & tell the most difficult stories. For breaking news, follow @CNNBRK and download our app https://t.co/ceNBoNi8y6",,1097,60541108,389979,41,"Gov. Ron DeSantis will win a second term leading Florida, CNN projects. CNN's political panel breaks down the message his projected victory sends to the GOP: https://t.co/Pnxf9a4qfK #ElectionNight",Politics
214,CNN,"It’s our job to #GoThere & tell the most difficult stories. For breaking news, follow @CNNBRK and download our app https://t.co/ceNBoNi8y6",,1097,60541108,389979,71,Here’s a look at the candidates who CNN projects will make history in the 2022 midterms. https://t.co/tFZvh69FmU,Politics
215,CNN,"It’s our job to #GoThere & tell the most difficult stories. For breaking news, follow @CNNBRK and download our app https://t.co/ceNBoNi8y6",,1097,60541108,389979,377,"CNN PROJECTION: Democrat Summer Lee will win election to Pennsylvania’s 12th District, becoming the first Black woman elected to Congress from the state https://t.co/zyIlP6JaJm",Politics
216,CNN,"It’s our job to #GoThere & tell the most difficult stories. For breaking news, follow @CNNBRK and download our app https://t.co/ceNBoNi8y6",,1097,60541108,389979,46,RT @CNNPolitics: Here's who's made history so far this election night https://t.co/Ay6qtBE6jP,Politics
217,CNN,"It’s our job to #GoThere & tell the most difficult stories. For breaking news, follow @CNNBRK and download our app https://t.co/ceNBoNi8y6",,1097,60541108,389979,66,"CNN PROJECTION: Republican Sen. Rand Paul will win reelection in Kentucky, defeating progressive Democratic challenger Charles Booker https://t.co/sAkXIYz7bR",Politics
218,CNN,"It’s our job to #GoThere & tell the most difficult stories. For breaking news, follow @CNNBRK and download our app https://t.co/ceNBoNi8y6",,1097,60541108,389979,30,What is a blue or red wave? @JohnKingCNN explains how competitive House races can help predict the party breakdown of Congress: https://t.co/57wekwIJpW #ElectionNight,Politics
219,CNN,"It’s our job to #GoThere & tell the most difficult stories. For breaking news, follow @CNNBRK and download our app https://t.co/ceNBoNi8y6",,1097,60541108,389979,68,"RT @CNNPolitics: CNN PROJECTION: Ohio Gov. Mike DeWine, a Republican, will win reelection, defeating Democrat Nan Whaley https://t.co/Ekd9c…",Politics
220,CNN,"It’s our job to #GoThere & tell the most difficult stories. For breaking news, follow @CNNBRK and download our app https://t.co/ceNBoNi8y6",,1097,60541108,389979,51,"It's election night in the US. The midterms will decide control of Congress and many governor races.

• Live updates: https://t.co/noRqYHJR2Y

• When polls close: https://t.co/VXvVWsqp9G

• Follow races: https://t.co/6x6pogKB2T

• Photos around the US: https://t.co/0DXS1R0EMY https://t.co/bBireLOTU4",Politics
221,CNN,"It’s our job to #GoThere & tell the most difficult stories. For breaking news, follow @CNNBRK and download our app https://t.co/ceNBoNi8y6",,1097,60541108,389979,64,"RT @CNNPolitics: CNN PROJECTION: Incumbent Sen. Tim Scott, the only Black Republican in the chamber, will win reelection, defeating Democra…",Politics
222,CNN,"It’s our job to #GoThere & tell the most difficult stories. For breaking news, follow @CNNBRK and download our app https://t.co/ceNBoNi8y6",,1097,60541108,389979,52,RT @cnnbrk: Polls are closing across several key states. Follow live updates with control of the House and Senate at stake #CNNelection htt…,Politics
223,CNN,"It’s our job to #GoThere & tell the most difficult stories. For breaking news, follow @CNNBRK and download our app https://t.co/ceNBoNi8y6",,1097,60541108,389979,22,It’s always a good idea to brush up on some of the terms you may hear on election night. Here’s a guide to what they mean. #CNNelection https://t.co/veOfO7ohoo,Politics
224,CNN,"It’s our job to #GoThere & tell the most difficult stories. For breaking news, follow @CNNBRK and download our app https://t.co/ceNBoNi8y6",,1097,60541108,389979,27,"Wall Street is waiting for the results of Tuesday’s midterm election like the rest of the world, but traders say this week’s inflation report may prove to be far more consequential to markets https://t.co/7DCiySEK02",Politics
225,CNN,"It’s our job to #GoThere & tell the most difficult stories. For breaking news, follow @CNNBRK and download our app https://t.co/ceNBoNi8y6",,1097,60541108,389979,38,Here's an hour-by-hour guide to poll closing times in every state #CNNelection https://t.co/c2DP2weg3q,Politics
226,CNN,"It’s our job to #GoThere & tell the most difficult stories. For breaking news, follow @CNNBRK and download our app https://t.co/ceNBoNi8y6",,1097,60541111,389979,44,"Voters are casting the final ballots in races that will determine control of the narrowly divided House and Senate, as well as governor’s mansions across the country https://t.co/iGLBcASt6G",Politics
227,CNN,"It’s our job to #GoThere & tell the most difficult stories. For breaking news, follow @CNNBRK and download our app https://t.co/ceNBoNi8y6",,1097,60541111,389979,29,"It’s Election Day in America where voters get to make their voices heard. 

On today’s CNN Political Briefing podcast, @davidchalian talks to CNN’s @jessicadean, @jeffzeleny, @KyungLahCNN, and @OmarJimenez about key races in battleground states. https://t.co/otWE7EP1fL https://t.co/4tw43QCXZ5",Politics
228,CNN,"It’s our job to #GoThere & tell the most difficult stories. For breaking news, follow @CNNBRK and download our app https://t.co/ceNBoNi8y6",,1097,60541111,389979,46,"Across the country, Americans are voting on dozens of statewide positions and ballot measures on key issues. #ElectionDay https://t.co/TcKxv8hdPs https://t.co/YQpJw62viO",Politics
229,CNN,"It’s our job to #GoThere & tell the most difficult stories. For breaking news, follow @CNNBRK and download our app https://t.co/ceNBoNi8y6",,1097,60541111,389979,85,"A video clip of an election official in Maricopa Country, Arizona, is largely being amplified by right-wing personalities, some of whom are claiming — without evidence — that machine issues are a sign of fraud. https://t.co/VpfK2HfUKy https://t.co/k7ir7d2FnQ",Politics
230,CNN,"It’s our job to #GoThere & tell the most difficult stories. For breaking news, follow @CNNBRK and download our app https://t.co/ceNBoNi8y6",,1097,60541111,389979,32,"#ElectionDay voting in Wisconsin is going smoothly, without any significant problems, said Wisconsin’s top election official. https://t.co/sd8MA4Wdk9",Politics
231,CNN,"It’s our job to #GoThere & tell the most difficult stories. For breaking news, follow @CNNBRK and download our app https://t.co/ceNBoNi8y6",,1097,60541112,389979,26,"🚀 NASA’s Artemis I has launched on a mission around the moon and back to Earth 🌙. 

Follow Artemis on its 25.5 day journey through space 👇 https://t.co/GpptU7amMt",Space
232,CNN,"It’s our job to #GoThere & tell the most difficult stories. For breaking news, follow @CNNBRK and download our app https://t.co/ceNBoNi8y6",,1097,60541112,389979,32,The third time proved to be the charm for NASA's Artemis I mission https://t.co/hnUW26w1U6 https://t.co/KwaM5ESqBb,Space
233,CNN,"It’s our job to #GoThere & tell the most difficult stories. For breaking news, follow @CNNBRK and download our app https://t.co/ceNBoNi8y6",,1097,60541112,389979,120,NASA has launched the most powerful operational rocket in the world in a third attempt to kick off its historic Artemis I mission — an uncrewed test flight around the moon https://t.co/sSh8su1xNs https://t.co/LGG072Rk5T,Space
234,CNN,"It’s our job to #GoThere & tell the most difficult stories. For breaking news, follow @CNNBRK and download our app https://t.co/ceNBoNi8y6",,1097,60541112,389979,41,The historic Artemis I mission took flight in the early hours of Wednesday morning after months of anticipation https://t.co/CGRQe7OyWi,Space
235,CNN,"It’s our job to #GoThere & tell the most difficult stories. For breaking news, follow @CNNBRK and download our app https://t.co/ceNBoNi8y6",,1097,60541112,389979,69,"🚀 NASA’s Artemis I has launched on a mission around the moon and back to Earth 🌙. 

Follow Artemis on its 25.5 day journey through space 👇 https://t.co/rZwok2ZcDR",Space
236,CNN,"It’s our job to #GoThere & tell the most difficult stories. For breaking news, follow @CNNBRK and download our app https://t.co/ceNBoNi8y6",,1097,60541112,389979,156,NASA’s Artemis I mission has taken off from Kennedy Space Center. The uncrewed mission will test technology NASA hopes to use to return astronauts to the moon. https://t.co/PACyZSVSld https://t.co/Vmrw59yPC6,Space
237,CNN,"It’s our job to #GoThere & tell the most difficult stories. For breaking news, follow @CNNBRK and download our app https://t.co/ceNBoNi8y6",,1097,60541112,389979,100,NASA launches Artemis I mission to the moon for historic 25.5-day journey into deep space. https://t.co/R0lT26Jivn,Space
238,CNN,"It’s our job to #GoThere & tell the most difficult stories. For breaking news, follow @CNNBRK and download our app https://t.co/ceNBoNi8y6",,1097,60541112,389979,85,NASA launches Artemis I mission to the moon for historic 25.5-day journey into deep space. https://t.co/2ekOgtpvYt,Space
239,CNN,"It’s our job to #GoThere & tell the most difficult stories. For breaking news, follow @CNNBRK and download our app https://t.co/ceNBoNi8y6",,1097,60541112,389979,37,"After a smooth pre-launch operation, NASA troubleshoots a fuel leak issue hours before the launch of its Artemis I moon mission. https://t.co/bug1wLHqUg",Space
240,CNN,"It’s our job to #GoThere & tell the most difficult stories. For breaking news, follow @CNNBRK and download our app https://t.co/ceNBoNi8y6",,1097,60541112,389979,47,All eyes are on Kennedy Space Center as NASA attempts to launch the Artemis I mission for the third time. https://t.co/VtzLPxm3XK,Space
241,CNN,"It’s our job to #GoThere & tell the most difficult stories. For breaking news, follow @CNNBRK and download our app https://t.co/ceNBoNi8y6",,1097,60541112,389979,51,Third time's a charm? NASA is gearing up to attempt to launch its historic Artemis I moon mission early Wednesday. https://t.co/g3My61mUXD https://t.co/XIfYpkVpHO,Space
242,CNN,"It’s our job to #GoThere & tell the most difficult stories. For breaking news, follow @CNNBRK and download our app https://t.co/ceNBoNi8y6",,1097,60541112,389979,33,Will it be a case of third time's the charm for NASA's Artemis I mission? https://t.co/tSY1fM7Gbo https://t.co/HUE3FY8IoW,Space
243,CNN,"It’s our job to #GoThere & tell the most difficult stories. For breaking news, follow @CNNBRK and download our app https://t.co/ceNBoNi8y6",,1097,60541112,389979,38,Things are about to get busy on the International Space Station https://t.co/xOi5hnzfdC,Space
244,CNN,"It’s our job to #GoThere & tell the most difficult stories. For breaking news, follow @CNNBRK and download our app https://t.co/ceNBoNi8y6",,1097,60541112,389979,40,"A NASA scientist and her friend, who summited Mount Everest at the age of 13, have joined forces to help Indian girls go to school. https://t.co/Y3C4rqdaf7 https://t.co/jY7Kt9qta4",Space
245,CNN,"It’s our job to #GoThere & tell the most difficult stories. For breaking news, follow @CNNBRK and download our app https://t.co/ceNBoNi8y6",,1097,60541112,389979,128,"While a number of major brands have announced advertising pauses on Twitter in the wake of Elon Musk's acquisition, the platform has scored a new ad buy from one notable billion-dollar business: Elon Musk's SpaceX. https://t.co/QG3adKzu3u",Space
246,CNN,"It’s our job to #GoThere & tell the most difficult stories. For breaking news, follow @CNNBRK and download our app https://t.co/ceNBoNi8y6",,1097,60541112,389979,46,"A NASA scientist and her friend, who summited Mount Everest at the age of 13, have joined forces to help Indian girls go to school. https://t.co/ZTj9daEE1f https://t.co/g7wNviyF2j",Space
247,CNN,"It’s our job to #GoThere & tell the most difficult stories. For breaking news, follow @CNNBRK and download our app https://t.co/ceNBoNi8y6",,1097,60541112,389979,158,"“I think we need to talk to NASA.” 

Divers searching for sunken World War II aircraft found a space-age wreckage instead. https://t.co/Q4TnAOmif8 https://t.co/d18HsY1seR",Space
248,CNN,"It’s our job to #GoThere & tell the most difficult stories. For breaking news, follow @CNNBRK and download our app https://t.co/ceNBoNi8y6",,1097,60541112,389979,43,Explorers searching the Atlantic for lost WWII artifacts stumbled on something else — a piece of debris from the 1986 Challenger space shuttle disaster. https://t.co/Lfw6JhGd2z,Space
249,CNN,"It’s our job to #GoThere & tell the most difficult stories. For breaking news, follow @CNNBRK and download our app https://t.co/ceNBoNi8y6",,1097,60541112,389979,74,Explorers searching the Atlantic for lost WWII artifacts stumbled on something else — a piece of debris from the 1986 Challenger space shuttle disaster. https://t.co/2Ba3S4stmP,Space
250,CNN,"It’s our job to #GoThere & tell the most difficult stories. For breaking news, follow @CNNBRK and download our app https://t.co/ceNBoNi8y6",,1097,60541112,389979,45,The James Webb Space Telescope has snapped a remarkably detailed image of a nearby dwarf galaxy. https://t.co/z5sIK4RUD7,Space
251,CNN,"It’s our job to #GoThere & tell the most difficult stories. For breaking news, follow @CNNBRK and download our app https://t.co/ceNBoNi8y6",,1097,60541112,389979,71,NASA has delayed the launch of its Artemis I mission yet again https://t.co/56kusLEm9I https://t.co/TgWActM6WU,Space
252,CNN,"It’s our job to #GoThere & tell the most difficult stories. For breaking news, follow @CNNBRK and download our app https://t.co/ceNBoNi8y6",,1097,60541112,389979,41,"The near-infrared view reveals the deepest glimpse yet into a stellar panorama that could offer astronomers an ideal means of studying aspects of the early universe.
https://t.co/ZLA5MgOY0f",Space
253,CNN,"It’s our job to #GoThere & tell the most difficult stories. For breaking news, follow @CNNBRK and download our app https://t.co/ceNBoNi8y6",,1097,60541112,389979,35,"The near-infrared view reveals the deepest glimpse yet into a stellar panorama that could offer astronomers an ideal means of studying aspects of the early universe.
https://t.co/t5KRiZcORj",Space
254,CNN,"It’s our job to #GoThere & tell the most difficult stories. For breaking news, follow @CNNBRK and download our app https://t.co/ceNBoNi8y6",,1097,60541112,389979,46,The James Webb Space Telescope has snapped a remarkably detailed image of a nearby dwarf galaxy. https://t.co/5UAidN9AA8,Space
255,CNN,"It’s our job to #GoThere & tell the most difficult stories. For breaking news, follow @CNNBRK and download our app https://t.co/ceNBoNi8y6",,1097,60541112,389979,34,"NASA’s Artemis I mega moon rocket could face damaging winds from Tropical Storm Nicole, which is expected to strengthen into a hurricane before it slams into Florida’s East Coast https://t.co/5j29SUDx6G",Space
256,CNN,"It’s our job to #GoThere & tell the most difficult stories. For breaking news, follow @CNNBRK and download our app https://t.co/ceNBoNi8y6",,1097,60541112,389979,45,Need to get to Mars? This inflatable shield could help. https://t.co/MWkOfKDtoK https://t.co/kGMqPNto1f,Space
257,CNN,"It’s our job to #GoThere & tell the most difficult stories. For breaking news, follow @CNNBRK and download our app https://t.co/ceNBoNi8y6",,1097,60541109,389979,373,"An Iranian court has issued the first death sentence linked to recent protests, convicting the unnamed person of ""enmity against God"" and ""spreading corruption on Earth,"" state media reports. https://t.co/AaBquOS1Cf",Religion
258,CNN,"It’s our job to #GoThere & tell the most difficult stories. For breaking news, follow @CNNBRK and download our app https://t.co/ceNBoNi8y6",,1097,60541109,389979,2577,"""Twitter has given a blue check verified mark to Jesus Christ ... Things are getting a bit confusing at Twitter under Elon Musk.""

@donie reports on the surge of fake accounts on Twitter as the paid verification system launches. https://t.co/P69rDWw5TF",Religion
